{
    "elo_diff": 0.4684741199016571,
    "is_neutral": 0.15694332122802734,
    "avg_goals_conceded_last5": 0.08866149932146072,
    "fifa_rank_diff": 0.0718238577246666,
    "h2h_win_rate": 0.0602433942258358,
    "wc_experience": 0.05646072328090668,
    "avg_goals_scored_last5": 0.04931255802512169,
    "form_points": 0.04808058962225914
}